Age,Attrition,BusinessTravel,DailyRate,Department,DistanceFromHome,Education,EducationField,EmployeeCount,EmployeeNumber,EnvironmentSatisfaction,Gender,HourlyRate,JobInvolvement,JobLevel,JobRole,JobSatisfaction,MaritalStatus,MonthlyIncome,MonthlyRate,NumCompaniesWorked,Over18,OverTime,PercentSalaryHike,PerformanceRating,RelationshipSatisfaction,StandardHours,StockOptionLevel,TotalWorkingYears,TrainingTimesLastYear,WorkLifeBalance,YearsAtCompany,YearsInCurrentRole,YearsSinceLastPromotion,YearsWithCurrManager,JobSatisfactionPlusTwo
38,No,Travel_Frequently,216,Research & Development,23,3,Life Sciences,1,12,4,Male,44,2,3,Manufacturing Director,3,Single,9526,8787,0,Y,No,21,4,2,80,0,10,2,3,9,7,1,8,5
29,No,Travel_Rarely,1389,Research & Development,21,4,Life Sciences,1,20,2,Female,51,4,3,Manufacturing Director,1,Divorced,9980,10195,1,Y,No,11,3,3,80,1,10,1,3,10,9,8,8,3
53,No,Travel_Rarely,1219,Sales,2,4,Life Sciences,1,23,1,Female,78,2,4,Manager,4,Married,15427,22021,2,Y,No,16,3,3,80,0,31,3,3,25,8,3,7,6
34,No,Travel_Rarely,419,Research & Development,7,4,Life Sciences,1,28,1,Female,53,3,3,Research Director,2,Single,11994,21293,0,Y,No,11,3,3,80,0,13,4,3,12,6,2,11,4
53,No,Travel_Rarely,1282,Research & Development,5,3,Other,1,32,3,Female,58,3,5,Manager,3,Divorced,19094,10735,4,Y,No,11,3,4,80,1,26,3,2,14,13,4,8,5
44,No,Travel_Rarely,477,Research & Development,7,4,Medical,1,36,1,Female,42,2,3,Healthcare Representative,4,Married,10248,2094,3,Y,No,14,3,4,80,1,24,4,3,22,6,5,17,6
46,No,Travel_Rarely,705,Sales,2,4,Marketing,1,38,2,Female,83,3,5,Manager,1,Single,18947,22822,3,Y,No,12,3,4,80,0,22,2,2,2,2,2,1,3
27,No,Travel_Frequently,994,Sales,8,3,Life Sciences,1,56,4,Male,37,3,3,Sales Executive,3,Single,8726,2975,1,Y,No,15,3,4,80,0,9,0,3,9,8,1,7,5
41,Yes,Travel_Rarely,1360,Research & Development,12,3,Technical Degree,1,58,2,Female,49,3,5,Research Director,3,Married,19545,16280,1,Y,No,12,3,4,80,0,23,0,3,22,15,15,8,5
35,No,Non-Travel,1097,Research & Development,11,2,Medical,1,70,3,Male,79,2,3,Healthcare Representative,1,Married,9884,8302,2,Y,Yes,13,3,3,80,1,10,3,3,4,0,2,3,3
33,No,Travel_Frequently,515,Research & Development,1,2,Life Sciences,1,73,1,Female,98,3,3,Research Director,4,Single,13458,15146,1,Y,Yes,12,3,3,80,0,15,1,3,15,14,8,12,6
35,No,Travel_Frequently,853,Sales,18,5,Life Sciences,1,74,2,Male,71,3,3,Sales Executive,1,Married,9069,11031,1,Y,No,22,4,4,80,1,9,3,2,9,8,1,8,3
50,No,Travel_Rarely,989,Research & Development,7,2,Medical,1,80,2,Female,43,2,5,Research Director,3,Divorced,18740,16701,5,Y,Yes,12,3,4,80,1,29,2,2,27,3,13,8,5
36,No,Travel_Rarely,1223,Research & Development,8,3,Technical Degree,1,83,3,Female,59,3,3,Healthcare Representative,3,Divorced,10096,8202,1,Y,No,13,3,2,80,3,17,2,3,17,14,12,8,5
55,No,Travel_Rarely,836,Research & Development,8,3,Medical,1,84,4,Female,33,3,4,Manager,3,Divorced,14756,19730,2,Y,Yes,14,3,3,80,3,21,2,3,5,0,0,2,5
45,No,Travel_Rarely,1339,Research & Development,7,3,Life Sciences,1,86,2,Male,59,3,3,Research Scientist,1,Divorced,9724,18787,2,Y,No,17,3,3,80,1,25,2,3,1,0,0,0,3
45,No,Travel_Rarely,193,Research & Development,6,4,Other,1,101,4,Male,52,3,3,Research Director,1,Married,13245,15067,4,Y,Yes,14,3,2,80,0,17,3,4,0,0,0,0,3
37,No,Travel_Rarely,397,Research & Development,7,4,Medical,1,102,1,Male,30,3,3,Research Director,3,Single,13664,25258,4,Y,No,13,3,1,80,0,16,3,4,5,2,0,2,5
55,No,Travel_Rarely,111,Sales,1,2,Life Sciences,1,106,1,Male,70,3,3,Sales Executive,4,Married,10239,18092,3,Y,No,14,3,4,80,1,24,4,3,1,0,1,0,6
46,Yes,Travel_Rarely,669,Sales,9,2,Medical,1,118,3,Male,64,2,3,Sales Executive,4,Single,9619,13596,1,Y,No,16,3,4,80,0,9,3,3,9,8,4,7,6
40,No,Travel_Frequently,530,Research & Development,1,4,Life Sciences,1,119,3,Male,78,2,4,Healthcare Representative,2,Married,13503,14115,1,Y,No,22,4,4,80,1,22,3,2,22,3,11,11,4
46,No,Travel_Frequently,638,Research & Development,1,3,Medical,1,124,3,Male,40,2,3,Healthcare Representative,1,Married,10673,3142,2,Y,Yes,13,3,3,80,1,21,5,2,10,9,9,5,3
54,No,Travel_Rarely,1217,Research & Development,2,4,Technical Degree,1,126,1,Female,60,3,3,Research Director,3,Married,13549,24001,9,Y,No,12,3,1,80,1,16,5,1,4,3,0,3,5
58,No,Travel_Rarely,682,Sales,10,4,Medical,1,131,4,Male,37,3,4,Sales Executive,3,Single,13872,24409,0,Y,No,13,3,3,80,0,38,1,2,37,10,1,8,5
59,No,Non-Travel,1420,Human Resources,2,4,Human Resources,1,140,3,Female,32,2,5,Manager,4,Married,18844,21922,9,Y,No,21,4,4,80,1,30,3,3,3,2,2,2,6
50,No,Travel_Frequently,1115,Research & Development,1,3,Life Sciences,1,141,1,Female,73,3,5,Research Director,2,Married,18172,9755,3,Y,Yes,19,3,1,80,0,28,1,2,8,3,0,7,4
54,No,Non-Travel,142,Human Resources,26,3,Human Resources,1,148,4,Female,30,4,4,Manager,4,Single,17328,13871,2,Y,Yes,12,3,3,80,0,23,3,3,5,3,4,4,6
34,No,Travel_Rarely,1354,Research & Development,5,3,Medical,1,153,3,Female,45,2,3,Manager,1,Single,11631,5615,2,Y,No,12,3,4,80,0,14,6,3,11,10,5,8,3
36,No,Travel_Frequently,1467,Sales,11,2,Technical Degree,1,154,2,Female,92,3,3,Sales Executive,4,Married,9738,22952,0,Y,No,14,3,3,80,1,10,6,3,9,7,2,8,6
43,No,Travel_Frequently,394,Sales,26,2,Life Sciences,1,158,3,Male,92,3,4,Manager,4,Married,16959,19494,1,Y,Yes,12,3,4,80,2,25,3,4,25,12,4,12,6
51,No,Travel_Rarely,684,Research & Development,6,3,Life Sciences,1,162,1,Male,51,3,5,Research Director,3,Single,19537,6462,7,Y,No,13,3,3,80,0,23,5,3,20,18,15,15,5
58,Yes,Travel_Rarely,147,Research & Development,23,4,Medical,1,165,4,Female,94,3,3,Healthcare Representative,4,Married,10312,3465,1,Y,No,12,3,4,80,1,40,3,2,40,10,15,6,6
50,No,Travel_Frequently,809,Sales,12,3,Marketing,1,174,3,Female,77,3,3,Sales Executive,4,Single,9208,6645,4,Y,No,11,3,4,80,0,16,3,3,2,2,2,1,6
41,No,Travel_Rarely,802,Sales,9,1,Life Sciences,1,176,3,Male,96,3,3,Sales Executive,3,Divorced,8189,21196,3,Y,Yes,13,3,3,80,1,12,2,3,9,7,0,7,5
51,Yes,Travel_Frequently,1150,Research & Development,8,4,Life Sciences,1,179,1,Male,53,1,3,Manufacturing Director,4,Single,10650,25150,2,Y,No,15,3,4,80,0,18,2,3,4,2,0,3,6
25,No,Travel_Rarely,959,Sales,28,3,Life Sciences,1,183,1,Male,41,2,2,Sales Executive,3,Married,8639,24835,2,Y,No,18,3,4,80,0,6,3,3,2,2,2,2,5
41,No,Travel_Frequently,857,Research & Development,10,3,Life Sciences,1,199,4,Male,91,2,4,Manager,1,Divorced,17181,12888,4,Y,No,13,3,2,80,1,21,2,2,7,6,7,7,3
32,No,Travel_Frequently,967,Sales,8,3,Marketing,1,207,2,Female,43,3,3,Sales Executive,4,Single,8998,15589,1,Y,No,14,3,4,80,0,9,2,3,9,8,3,7,6
40,No,Travel_Rarely,630,Sales,4,4,Marketing,1,215,3,Male,67,2,3,Sales Executive,4,Married,10855,8552,7,Y,No,11,3,1,80,1,15,2,2,12,11,2,11,6
57,No,Travel_Rarely,334,Research & Development,24,2,Life Sciences,1,223,3,Male,83,4,3,Healthcare Representative,4,Divorced,9439,23402,3,Y,Yes,16,3,2,80,1,12,2,1,5,3,1,4,6
50,No,Travel_Rarely,1452,Research & Development,11,3,Life Sciences,1,226,3,Female,53,3,5,Manager,2,Single,19926,17053,3,Y,No,15,3,2,80,0,21,5,3,5,4,4,4,4
30,No,Travel_Rarely,1339,Sales,5,3,Life Sciences,1,228,2,Female,41,3,3,Sales Executive,4,Married,9419,8053,2,Y,No,12,3,3,80,1,12,2,3,10,9,7,4,6
38,No,Travel_Rarely,702,Sales,1,4,Life Sciences,1,230,1,Female,59,2,2,Sales Executive,4,Single,8686,12930,4,Y,No,22,4,3,80,0,12,2,4,8,3,0,7,6
46,No,Travel_Rarely,526,Sales,1,2,Marketing,1,244,2,Female,92,3,3,Sales Executive,1,Divorced,10453,2137,1,Y,No,25,4,3,80,3,24,2,3,24,13,15,7,3
40,No,Travel_Rarely,989,Research & Development,4,1,Medical,1,253,4,Female,46,3,5,Manager,3,Married,19033,6499,1,Y,No,14,3,2,80,1,21,2,3,20,8,9,9,5
55,No,Travel_Rarely,692,Research & Development,14,4,Medical,1,254,3,Male,61,4,5,Research Director,2,Single,18722,13339,8,Y,No,11,3,4,80,0,36,3,3,24,15,2,15,4
34,No,Travel_Frequently,1069,Research & Development,2,1,Life Sciences,1,256,4,Male,45,2,2,Manufacturing Director,3,Married,9547,14074,1,Y,No,17,3,3,80,0,10,2,2,10,9,1,9,5
51,No,Travel_Rarely,313,Research & Development,3,3,Medical,1,258,4,Female,98,3,4,Healthcare Representative,2,Single,13734,7192,3,Y,No,18,3,3,80,0,21,6,3,7,7,1,0,4
52,No,Travel_Rarely,699,Research & Development,1,4,Life Sciences,1,259,3,Male,65,2,5,Manager,3,Married,19999,5678,0,Y,No,14,3,1,80,1,34,5,3,33,18,11,9,5
45,No,Non-Travel,1195,Research & Development,2,2,Medical,1,264,1,Male,65,2,4,Manager,4,Married,16792,20462,9,Y,No,23,4,4,80,1,22,1,3,20,8,11,8,6
46,No,Travel_Rarely,644,Research & Development,1,4,Medical,1,288,4,Male,97,3,3,Healthcare Representative,1,Divorced,9396,12368,7,Y,No,16,3,3,80,1,17,3,3,4,2,0,3,3
32,Yes,Travel_Rarely,1045,Sales,4,4,Medical,1,291,4,Male,32,1,3,Sales Executive,4,Married,10400,25812,1,Y,No,11,3,3,80,0,14,2,2,14,8,9,8,6
30,No,Non-Travel,829,Research & Development,1,1,Life Sciences,1,292,3,Male,88,2,3,Manufacturing Director,3,Single,8474,20925,1,Y,No,22,4,3,80,0,12,2,3,11,8,5,8,5
27,No,Travel_Frequently,1242,Sales,20,3,Life Sciences,1,293,4,Female,90,3,2,Sales Executive,3,Single,9981,12916,1,Y,No,14,3,4,80,0,7,2,3,7,7,0,7,5
51,No,Travel_Rarely,1469,Research & Development,8,4,Life Sciences,1,296,2,Male,81,2,3,Research Director,2,Married,12490,15736,5,Y,No,16,3,4,80,2,16,5,1,10,9,4,7,4
41,No,Travel_Rarely,896,Sales,6,3,Life Sciences,1,298,4,Female,75,3,3,Manager,4,Single,13591,14674,3,Y,Yes,18,3,3,80,0,16,3,3,1,0,0,0,6
45,No,Non-Travel,1052,Sales,6,3,Medical,1,302,4,Female,57,2,3,Sales Executive,4,Single,8865,16840,6,Y,No,12,3,4,80,0,23,2,3,19,7,12,8,6
37,No,Travel_Frequently,663,Research & Development,11,3,Other,1,306,2,Male,47,3,3,Research Director,4,Divorced,12185,10056,1,Y,Yes,14,3,3,80,3,10,1,3,10,8,0,7,6
38,No,Travel_Rarely,119,Sales,3,3,Life Sciences,1,307,1,Male,76,3,3,Sales Executive,3,Divorced,10609,9647,0,Y,No,12,3,3,80,2,17,6,2,16,10,5,13,5
35,No,Travel_Frequently,944,Sales,1,3,Marketing,1,314,3,Female,92,3,3,Sales Executive,3,Single,8789,9096,1,Y,No,14,3,1,80,0,10,3,4,10,7,0,8,5
42,No,Travel_Rarely,532,Research & Development,4,2,Technical Degree,1,319,3,Male,58,3,5,Manager,4,Married,19232,4933,1,Y,No,11,3,4,80,0,22,3,3,22,17,11,15,6
50,No,Travel_Rarely,854,Sales,1,4,Medical,1,323,4,Female,68,3,5,Manager,4,Divorced,19517,24118,3,Y,No,11,3,3,80,1,32,3,2,7,0,0,6,6
43,No,Travel_Rarely,1034,Sales,16,3,Marketing,1,327,4,Female,80,3,4,Manager,4,Married,16064,7744,5,Y,Yes,22,4,3,80,1,22,3,3,17,13,1,9,6
52,No,Non-Travel,771,Sales,2,4,Life Sciences,1,329,1,Male,79,2,5,Manager,3,Single,19068,21030,1,Y,Yes,18,3,4,80,0,33,2,4,33,7,15,12,5
45,No,Travel_Rarely,252,Research & Development,1,3,Other,1,336,3,Male,70,4,5,Manager,4,Married,19202,15970,0,Y,No,11,3,3,80,1,25,2,3,24,0,1,7,6
31,No,Travel_Frequently,1327,Research & Development,3,4,Medical,1,337,2,Male,73,3,3,Research Director,3,Divorced,13675,13523,9,Y,No,12,3,1,80,1,9,3,3,2,2,2,2,5
37,Yes,Travel_Frequently,504,Research & Development,10,3,Medical,1,342,1,Male,61,3,3,Manufacturing Director,3,Divorced,10048,22573,6,Y,No,11,3,2,80,2,17,5,3,1,0,0,0,5
39,No,Travel_Frequently,505,Research & Development,2,4,Technical Degree,1,343,3,Female,64,3,3,Healthcare Representative,3,Single,10938,6420,0,Y,No,25,4,4,80,0,20,1,3,19,6,11,8,5
40,No,Travel_Rarely,1416,Research & Development,2,2,Medical,1,352,1,Male,49,3,5,Research Director,3,Divorced,19436,5949,0,Y,No,19,3,4,80,1,22,5,3,21,7,3,9,5
46,No,Travel_Rarely,488,Sales,2,3,Technical Degree,1,363,3,Female,75,1,4,Manager,2,Married,16872,14977,3,Y,Yes,12,3,2,80,1,28,2,2,7,7,7,7,4
45,No,Travel_Rarely,1385,Research & Development,20,2,Medical,1,372,3,Male,79,3,4,Healthcare Representative,4,Married,13496,7501,0,Y,Yes,14,3,2,80,0,21,2,3,20,7,4,10,6
55,No,Travel_Rarely,452,Research & Development,1,3,Medical,1,374,4,Male,81,3,5,Manager,1,Single,19045,18938,0,Y,Yes,14,3,3,80,0,37,2,3,36,10,4,13,3
47,Yes,Non-Travel,666,Research & Development,29,4,Life Sciences,1,376,1,Male,88,3,3,Manager,2,Married,11849,10268,1,Y,Yes,12,3,4,80,1,10,2,2,10,7,9,9,4
37,No,Non-Travel,728,Research & Development,1,4,Medical,1,380,1,Female,80,3,3,Research Director,4,Divorced,13603,11677,2,Y,Yes,18,3,1,80,2,15,2,3,5,2,0,2,6
35,No,Travel_Rarely,1315,Research & Development,22,3,Life Sciences,1,381,2,Female,71,4,3,Manager,2,Divorced,11996,19100,7,Y,No,18,3,2,80,1,10,6,2,7,7,6,2,4
50,No,Travel_Rarely,797,Research & Development,4,1,Life Sciences,1,385,1,Male,96,3,5,Research Director,2,Divorced,19144,15815,3,Y,No,14,3,1,80,2,28,4,2,10,4,1,6,4
53,No,Travel_Rarely,1070,Research & Development,3,4,Medical,1,386,3,Male,45,3,4,Research Director,3,Married,17584,21016,3,Y,Yes,16,3,4,80,3,21,5,2,5,3,1,3,5
49,No,Travel_Frequently,636,Research & Development,10,4,Life Sciences,1,396,3,Female,35,3,5,Research Director,1,Single,18665,25594,9,Y,Yes,11,3,4,80,0,22,4,3,3,2,1,2,3
42,No,Travel_Frequently,555,Sales,26,3,Marketing,1,404,3,Female,77,3,4,Sales Executive,2,Married,13525,14864,5,Y,No,14,3,4,80,1,23,2,4,20,4,4,8,4
35,No,Travel_Rarely,1232,Sales,16,3,Marketing,1,406,3,Male,96,3,3,Sales Executive,2,Married,8020,5100,0,Y,No,15,3,3,80,2,12,3,2,11,9,6,9,4
41,No,Travel_Rarely,334,Sales,2,4,Life Sciences,1,410,4,Male,88,3,4,Manager,2,Single,16015,15896,1,Y,No,19,3,2,80,0,22,2,3,22,10,0,4,4
39,No,Travel_Rarely,1132,Research & Development,1,3,Medical,1,417,3,Male,48,4,3,Healthcare Representative,4,Divorced,9613,10942,0,Y,No,17,3,1,80,3,19,5,2,18,10,3,7,6
38,No,Travel_Rarely,849,Research & Development,25,2,Life Sciences,1,421,1,Female,81,2,3,Research Director,2,Married,12061,26707,3,Y,No,17,3,3,80,1,19,2,3,10,8,0,1,4
33,No,Travel_Frequently,553,Research & Development,5,4,Life Sciences,1,428,4,Female,74,3,3,Manager,2,Married,11878,23364,6,Y,No,11,3,2,80,2,12,2,3,10,6,8,8,4
39,No,Travel_Rarely,117,Research & Development,10,1,Medical,1,429,3,Male,99,3,4,Manager,1,Married,17068,5355,1,Y,Yes,14,3,4,80,0,21,3,3,21,9,11,10,3
49,No,Travel_Rarely,1091,Research & Development,1,2,Technical Degree,1,431,3,Female,90,2,4,Healthcare Representative,3,Single,13964,17810,7,Y,Yes,12,3,4,80,0,25,2,3,7,1,0,7,5
31,No,Travel_Frequently,798,Research & Development,7,2,Life Sciences,1,442,3,Female,48,2,3,Manufacturing Director,3,Married,8943,14034,1,Y,No,24,4,1,80,1,10,2,3,10,9,8,9,5
39,No,Travel_Frequently,672,Research & Development,7,2,Medical,1,444,3,Male,54,2,5,Manager,4,Married,19272,21141,1,Y,No,15,3,1,80,1,21,2,3,21,9,13,3,6
47,No,Travel_Rarely,1482,Research & Development,5,5,Life Sciences,1,447,4,Male,42,3,5,Research Director,3,Married,18300,16375,4,Y,No,11,3,2,80,1,21,2,3,3,2,1,1,5
43,No,Travel_Rarely,1001,Research & Development,7,3,Life Sciences,1,451,3,Female,43,3,3,Healthcare Representative,1,Married,9985,9262,8,Y,No,16,3,1,80,1,10,1,2,1,0,0,0,3
38,No,Travel_Rarely,343,Research & Development,15,2,Life Sciences,1,461,3,Male,92,2,3,Research Director,4,Divorced,11510,15682,0,Y,Yes,14,3,2,80,1,12,3,3,11,10,2,9,6
29,No,Travel_Rarely,144,Sales,10,1,Marketing,1,463,4,Female,39,2,2,Sales Executive,2,Divorced,8268,11866,1,Y,Yes,14,3,1,80,2,7,2,3,7,7,1,7,4
35,No,Travel_Rarely,1296,Research & Development,5,4,Technical Degree,1,464,3,Male,62,3,3,Manufacturing Director,2,Single,8095,18264,0,Y,No,13,3,4,80,0,17,5,3,16,6,0,13,4
42,No,Travel_Rarely,810,Research & Development,23,5,Life Sciences,1,468,1,Female,44,3,4,Research Director,4,Single,15992,15901,2,Y,No,14,3,2,80,0,16,2,3,1,0,0,0,6
48,No,Travel_Rarely,530,Sales,29,1,Medical,1,473,1,Female,91,3,3,Manager,3,Married,12504,23978,3,Y,No,21,4,2,80,1,15,3,1,0,0,0,0,5
36,No,Travel_Frequently,541,Sales,3,4,Medical,1,481,1,Male,48,2,3,Sales Executive,4,Married,9699,7246,4,Y,No,11,3,1,80,1,16,2,3,13,9,1,12,6
41,Yes,Travel_Frequently,143,Sales,4,3,Marketing,1,488,1,Male,56,3,2,Sales Executive,2,Single,9355,9558,1,Y,No,18,3,3,80,0,8,5,3,8,7,7,7,4
50,No,Travel_Rarely,1046,Research & Development,10,3,Technical Degree,1,491,4,Male,100,2,3,Healthcare Representative,4,Single,10496,2755,6,Y,No,15,3,4,80,0,20,2,3,4,3,1,3,6
49,No,Travel_Rarely,1261,Research & Development,7,3,Other,1,499,2,Male,31,2,3,Healthcare Representative,3,Single,10965,12066,8,Y,No,24,4,3,80,0,26,2,3,5,2,0,0,5
55,No,Travel_Rarely,1311,Research & Development,2,3,Life Sciences,1,505,3,Female,97,3,4,Manager,4,Single,16659,23258,2,Y,Yes,13,3,3,80,0,30,2,3,5,4,1,2,6
43,No,Travel_Rarely,982,Research & Development,12,3,Life Sciences,1,520,1,Male,59,2,4,Research Director,2,Divorced,14336,4345,1,Y,No,11,3,3,80,1,25,3,3,25,10,3,9,4
54,No,Travel_Rarely,821,Research & Development,5,2,Medical,1,522,1,Male,86,3,5,Research Director,1,Married,19406,8509,4,Y,No,11,3,3,80,1,24,4,2,4,2,1,2,3
39,No,Travel_Frequently,1218,Research & Development,1,1,Life Sciences,1,531,2,Male,52,3,5,Manager,3,Divorced,19197,8213,1,Y,Yes,14,3,3,80,1,21,3,3,21,8,1,6,5
56,No,Travel_Frequently,906,Sales,6,3,Life Sciences,1,532,3,Female,86,4,4,Sales Executive,1,Married,13212,18256,9,Y,No,11,3,4,80,3,36,0,2,7,7,7,7,3
41,No,Travel_Rarely,645,Sales,1,3,Marketing,1,534,2,Male,49,4,3,Sales Executive,1,Married,8392,19566,1,Y,No,16,3,3,80,1,10,2,3,10,7,0,7,3
52,No,Travel_Rarely,1490,Research & Development,4,2,Life Sciences,1,546,4,Female,30,3,4,Manager,4,Married,16555,10310,2,Y,No,13,3,4,80,0,31,2,1,5,2,1,4,6
60,No,Travel_Rarely,422,Research & Development,7,3,Life Sciences,1,549,1,Female,41,3,5,Manager,1,Married,19566,3854,5,Y,No,11,3,4,80,0,33,5,1,29,8,11,10,3
40,No,Travel_Rarely,1398,Sales,2,4,Life Sciences,1,558,3,Female,79,3,5,Manager,3,Married,18041,13022,0,Y,No,14,3,4,80,0,21,2,3,20,15,1,12,5
29,No,Travel_Rarely,986,Research & Development,3,4,Medical,1,564,2,Male,93,2,3,Research Director,3,Married,11935,21526,1,Y,No,18,3,3,80,0,10,2,3,10,2,0,7,5
30,No,Non-Travel,1398,Sales,22,4,Other,1,567,3,Female,69,3,3,Sales Executive,1,Married,8412,2890,0,Y,No,11,3,3,80,0,10,3,3,9,8,7,8,3
57,No,Travel_Rarely,210,Sales,29,3,Marketing,1,568,1,Male,56,2,4,Manager,4,Divorced,14118,22102,3,Y,No,12,3,3,80,1,32,3,2,1,0,0,0,6
50,No,Travel_Rarely,1099,Research & Development,29,4,Life Sciences,1,569,2,Male,88,2,4,Manager,3,Married,17046,9314,0,Y,No,15,3,2,80,1,28,2,3,27,10,15,7,5
60,No,Travel_Frequently,1499,Sales,28,3,Marketing,1,573,3,Female,80,2,3,Sales Executive,1,Married,10266,2845,4,Y,No,19,3,4,80,0,22,5,4,18,13,13,11,3
46,No,Travel_Rarely,1009,Research & Development,2,3,Life Sciences,1,575,1,Male,51,3,4,Research Director,3,Married,17861,2288,6,Y,No,13,3,3,80,0,26,2,1,3,2,0,1,5
46,No,Travel_Rarely,1125,Sales,10,3,Marketing,1,580,3,Female,94,2,3,Sales Executive,4,Married,9071,11563,2,Y,Yes,19,3,3,80,1,15,3,3,3,2,1,2,6
31,No,Travel_Rarely,1274,Research & Development,9,1,Life Sciences,1,581,3,Male,33,3,3,Manufacturing Director,2,Divorced,10648,14394,1,Y,No,25,4,4,80,1,13,6,4,13,8,0,8,4
33,Yes,Travel_Rarely,1277,Research & Development,15,1,Medical,1,582,2,Male,56,3,3,Manager,3,Married,13610,24619,7,Y,Yes,12,3,4,80,0,15,2,4,7,6,7,7,5
31,Yes,Travel_Frequently,534,Research & Development,20,3,Life Sciences,1,587,1,Male,66,3,3,Healthcare Representative,3,Married,9824,22908,3,Y,No,12,3,1,80,0,12,2,3,1,0,0,0,5
34,Yes,Travel_Frequently,988,Human Resources,23,3,Human Resources,1,590,2,Female,43,3,3,Human Resources,1,Divorced,9950,11533,9,Y,Yes,15,3,3,80,3,11,2,3,3,2,0,2,3
36,No,Non-Travel,635,Sales,10,4,Medical,1,592,2,Male,32,3,3,Sales Executive,4,Single,9980,15318,1,Y,No,14,3,4,80,0,10,3,2,10,3,9,7,6
55,No,Travel_Rarely,1117,Sales,18,5,Life Sciences,1,597,1,Female,83,3,4,Manager,2,Single,16835,9873,3,Y,No,23,4,4,80,0,37,2,3,10,9,7,7,4
40,No,Travel_Rarely,302,Research & Development,6,3,Life Sciences,1,601,2,Female,75,3,4,Manufacturing Director,3,Single,13237,20364,7,Y,No,15,3,3,80,0,22,3,3,20,6,5,13,5
33,No,Travel_Rarely,922,Research & Development,1,5,Medical,1,612,1,Female,95,4,4,Research Director,3,Divorced,16184,22578,4,Y,No,19,3,3,80,1,10,2,3,6,1,0,5,5
31,No,Travel_Rarely,688,Sales,7,3,Life Sciences,1,613,3,Male,44,2,3,Manager,4,Divorced,11557,25291,9,Y,No,21,4,3,80,1,10,3,2,5,4,0,1,6
40,No,Non-Travel,1094,Sales,28,3,Other,1,615,3,Male,58,1,3,Sales Executive,1,Divorced,10932,11373,3,Y,No,15,3,3,80,1,20,2,3,1,0,0,1,3
46,No,Travel_Frequently,1034,Research & Development,18,1,Medical,1,624,1,Female,86,3,3,Healthcare Representative,3,Married,10527,8984,5,Y,No,11,3,4,80,0,28,3,2,2,2,1,2,5
41,No,Travel_Rarely,1276,Sales,2,5,Life Sciences,1,625,2,Female,91,3,4,Manager,1,Married,16595,5626,7,Y,No,16,3,2,80,1,22,2,3,18,16,11,8,3
37,No,Non-Travel,142,Sales,9,4,Medical,1,626,1,Male,69,3,3,Sales Executive,2,Divorced,8834,24666,1,Y,No,13,3,4,80,1,9,6,3,9,5,7,7,4
38,No,Travel_Rarely,1495,Research & Development,10,3,Medical,1,634,3,Female,76,3,2,Healthcare Representative,3,Married,9824,22174,3,Y,No,19,3,3,80,1,18,4,3,1,0,0,0,5
49,No,Travel_Rarely,1245,Research & Development,18,4,Life Sciences,1,638,4,Male,58,2,5,Research Director,3,Divorced,19502,2125,1,Y,Yes,17,3,3,80,1,31,5,3,31,9,0,9,5
50,No,Travel_Frequently,1246,Human Resources,3,3,Medical,1,644,1,Male,99,3,5,Manager,2,Married,18200,7999,1,Y,No,11,3,3,80,1,32,2,3,32,5,10,7,4
37,No,Travel_Rarely,558,Sales,2,3,Marketing,1,656,4,Male,75,3,2,Sales Executive,3,Married,9602,3010,4,Y,Yes,11,3,3,80,1,17,3,2,3,0,1,0,5
43,No,Travel_Rarely,782,Research & Development,6,4,Other,1,661,2,Male,50,2,4,Research Director,4,Divorced,16627,2671,4,Y,Yes,14,3,3,80,1,21,3,2,1,0,0,0,6
48,No,Travel_Rarely,1236,Research & Development,1,4,Life Sciences,1,664,4,Female,40,2,4,Manager,1,Married,15402,17997,7,Y,No,11,3,1,80,1,21,3,1,3,2,0,2,3
44,No,Travel_Rarely,1315,Research & Development,3,4,Other,1,671,4,Male,35,3,5,Manager,4,Married,19513,9358,4,Y,Yes,12,3,1,80,1,26,2,4,2,2,0,1,6
53,No,Travel_Rarely,238,Sales,1,1,Medical,1,682,4,Female,34,3,2,Sales Executive,1,Single,8381,7507,7,Y,No,20,4,4,80,0,18,2,4,14,7,8,10,3
37,No,Travel_Rarely,482,Research & Development,3,3,Other,1,689,3,Male,36,3,3,Manufacturing Director,3,Married,9434,9606,1,Y,No,15,3,3,80,1,10,2,3,10,7,7,8,5
54,No,Travel_Rarely,397,Human Resources,19,4,Medical,1,698,3,Male,88,3,3,Human Resources,2,Married,10725,6729,2,Y,No,15,3,3,80,1,16,1,4,9,7,7,1,4
36,No,Travel_Rarely,913,Research & Development,9,2,Medical,1,699,2,Male,48,2,2,Manufacturing Director,2,Divorced,8847,13934,2,Y,Yes,11,3,3,80,1,13,2,3,3,2,0,2,4
48,No,Travel_Rarely,817,Sales,2,1,Marketing,1,712,2,Male,56,4,2,Sales Executive,2,Married,8120,18597,3,Y,No,12,3,4,80,0,12,3,3,2,2,2,2,4
34,No,Travel_Rarely,1442,Research & Development,9,3,Medical,1,717,4,Female,46,2,3,Healthcare Representative,2,Single,8621,17654,1,Y,No,14,3,2,80,0,9,3,4,8,7,7,7,4
32,No,Travel_Rarely,1018,Research & Development,3,2,Life Sciences,1,727,3,Female,39,3,3,Research Director,4,Single,11159,19373,3,Y,No,15,3,4,80,0,10,6,3,7,7,7,7,6
40,No,Travel_Frequently,580,Sales,5,4,Life Sciences,1,729,4,Male,48,2,3,Sales Executive,1,Married,10475,23772,5,Y,Yes,21,4,3,80,1,20,2,3,18,13,1,12,3
53,No,Travel_Rarely,970,Research & Development,7,3,Life Sciences,1,730,3,Male,59,4,4,Research Director,3,Married,14814,13514,3,Y,No,19,3,3,80,0,32,3,3,5,1,1,3,5
41,No,Travel_Rarely,427,Human Resources,10,4,Human Resources,1,731,2,Male,73,2,5,Manager,4,Divorced,19141,8861,3,Y,No,15,3,2,80,3,23,2,2,21,6,12,6,6
27,No,Travel_Frequently,294,Research & Development,10,2,Life Sciences,1,733,4,Male,32,3,3,Manufacturing Director,1,Divorced,8793,4809,1,Y,No,21,4,3,80,2,9,4,2,9,7,1,7,3
41,No,Travel_Rarely,314,Human Resources,1,3,Human Resources,1,734,4,Male,59,2,5,Manager,3,Married,19189,19562,1,Y,No,12,3,2,80,1,22,3,3,22,7,2,10,5
36,No,Non-Travel,427,Research & Development,8,3,Life Sciences,1,742,1,Female,63,4,3,Research Director,1,Married,11713,20335,9,Y,No,14,3,1,80,1,10,2,3,8,7,0,5,3
47,No,Travel_Frequently,217,Sales,3,3,Medical,1,746,4,Female,49,3,4,Sales Executive,3,Divorced,13770,10225,9,Y,Yes,12,3,4,80,2,28,2,2,22,2,11,13,5
56,No,Travel_Rarely,832,Research & Development,9,3,Medical,1,762,3,Male,81,3,4,Healthcare Representative,4,Married,11103,20420,7,Y,No,11,3,3,80,0,30,1,2,10,7,1,1,6
52,No,Travel_Rarely,621,Sales,3,4,Marketing,1,776,3,Male,31,2,4,Manager,1,Married,16856,10084,1,Y,No,11,3,1,80,0,34,3,4,34,6,1,16,3
55,Yes,Travel_Rarely,725,Research & Development,2,3,Medical,1,787,4,Male,78,3,5,Manager,1,Married,19859,21199,5,Y,Yes,13,3,4,80,1,24,2,3,5,2,1,4,3
42,No,Travel_Frequently,570,Research & Development,8,3,Life Sciences,1,809,2,Male,66,3,5,Manager,4,Divorced,18430,16225,1,Y,No,13,3,2,80,1,24,4,2,24,7,14,9,6
50,No,Travel_Rarely,691,Research & Development,2,3,Medical,1,815,3,Male,64,3,4,Research Director,3,Married,17639,6881,5,Y,No,16,3,4,80,0,30,3,3,4,3,0,3,5
33,No,Travel_Rarely,213,Research & Development,7,3,Medical,1,817,3,Male,49,3,3,Research Director,3,Married,11691,25995,0,Y,No,11,3,4,80,0,14,3,4,13,9,3,7,5
47,No,Travel_Rarely,202,Research & Development,2,2,Other,1,820,3,Female,33,3,4,Manager,4,Married,16752,12982,1,Y,Yes,11,3,3,80,1,26,3,2,26,14,3,0,6
58,Yes,Travel_Rarely,286,Research & Development,2,4,Life Sciences,1,825,4,Male,31,3,5,Research Director,2,Single,19246,25761,7,Y,Yes,12,3,4,80,0,40,2,3,31,15,13,8,4
43,No,Travel_Rarely,589,Research & Development,14,2,Life Sciences,1,843,2,Male,94,3,4,Research Director,1,Married,17159,5200,6,Y,No,24,4,3,80,1,22,3,3,4,1,1,0,3
27,No,Travel_Rarely,269,Research & Development,5,1,Technical Degree,1,844,3,Male,42,2,3,Research Director,4,Divorced,12808,8842,1,Y,Yes,16,3,2,80,1,9,3,3,9,8,0,8,6
35,No,Travel_Rarely,950,Research & Development,7,3,Other,1,845,3,Male,59,3,3,Manufacturing Director,3,Single,10221,18869,3,Y,No,21,4,2,80,0,17,3,4,8,5,1,6,5
51,No,Travel_Rarely,1318,Sales,26,4,Marketing,1,851,1,Female,66,3,4,Manager,3,Married,16307,5594,2,Y,No,14,3,3,80,1,29,2,2,20,6,4,17,5
53,No,Travel_Rarely,661,Sales,7,2,Marketing,1,862,1,Female,78,2,3,Sales Executive,4,Married,10934,20715,7,Y,Yes,18,3,4,80,1,35,3,3,5,2,0,4,6
45,No,Travel_Rarely,930,Sales,9,3,Marketing,1,864,4,Male,74,3,3,Sales Executive,1,Divorced,10761,19239,4,Y,Yes,12,3,3,80,1,18,2,3,5,4,0,2,3
52,No,Travel_Frequently,890,Research & Development,25,4,Medical,1,867,3,Female,81,2,4,Manufacturing Director,4,Married,13826,19028,3,Y,No,22,4,3,80,0,31,3,3,9,8,0,0,6
35,No,Travel_Rarely,607,Research & Development,9,3,Life Sciences,1,880,4,Female,66,2,3,Manufacturing Director,3,Married,10685,23457,1,Y,Yes,20,4,2,80,1,17,2,3,17,14,5,15,5
53,No,Travel_Rarely,868,Sales,8,3,Marketing,1,897,1,Male,73,3,4,Sales Executive,4,Married,11836,22789,5,Y,No,14,3,3,80,1,28,3,3,2,0,2,2,6
35,No,Travel_Rarely,672,Research & Development,25,3,Technical Degree,1,899,4,Male,78,2,3,Manufacturing Director,2,Married,10903,9129,3,Y,No,16,3,1,80,0,16,2,3,13,10,4,8,4
53,No,Travel_Rarely,102,Research & Development,23,4,Life Sciences,1,901,4,Female,72,3,4,Research Director,4,Single,14275,20206,6,Y,No,18,3,3,80,0,33,0,3,12,9,3,8,6
50,No,Non-Travel,881,Research & Development,2,4,Life Sciences,1,905,1,Male,98,3,4,Manager,1,Divorced,17924,4544,1,Y,No,11,3,4,80,1,31,3,3,31,6,14,7,3
58,No,Travel_Rarely,1272,Research & Development,5,3,Technical Degree,1,940,3,Female,37,2,3,Healthcare Representative,2,Divorced,10552,9255,2,Y,Yes,13,3,4,80,1,24,3,3,6,0,0,4,4
38,No,Travel_Rarely,1333,Research & Development,1,3,Technical Degree,1,950,4,Female,80,3,3,Research Director,1,Married,13582,16292,1,Y,No,13,3,2,80,1,15,3,3,15,12,5,11,3
40,No,Travel_Rarely,658,Sales,10,4,Marketing,1,954,1,Male,67,2,3,Sales Executive,2,Divorced,9705,20652,2,Y,No,12,3,2,80,1,11,2,2,1,0,0,0,4
36,Yes,Travel_Rarely,530,Sales,3,1,Life Sciences,1,967,3,Male,51,2,3,Sales Executive,4,Married,10325,5518,1,Y,Yes,11,3,1,80,1,16,6,3,16,7,3,7,6
37,Yes,Travel_Rarely,625,Sales,1,4,Life Sciences,1,970,1,Male,46,2,3,Sales Executive,3,Married,10609,14922,5,Y,No,11,3,3,80,0,17,2,1,14,1,11,7,5
52,No,Travel_Rarely,1053,Research & Development,1,2,Life Sciences,1,976,4,Male,70,3,4,Manager,4,Married,17099,13829,2,Y,No,15,3,2,80,1,26,2,2,9,8,7,8,6
53,No,Travel_Rarely,1376,Sales,2,2,Medical,1,981,3,Male,45,3,4,Manager,3,Divorced,14852,13938,6,Y,No,13,3,3,80,1,22,3,4,17,13,15,2,5
40,Yes,Non-Travel,1479,Sales,24,3,Life Sciences,1,986,2,Female,100,4,4,Sales Executive,2,Single,13194,17071,4,Y,Yes,16,3,4,80,0,22,2,2,1,0,0,0,4
33,No,Non-Travel,722,Sales,17,3,Life Sciences,1,992,4,Male,38,3,4,Manager,3,Single,17444,20489,1,Y,No,11,3,4,80,0,10,2,3,10,8,6,0,5
50,No,Travel_Rarely,1126,Research & Development,1,2,Medical,1,997,4,Male,66,3,4,Research Director,4,Divorced,17399,6615,9,Y,No,22,4,3,80,1,32,1,2,5,4,1,3,6
41,No,Travel_Frequently,840,Research & Development,9,3,Medical,1,999,1,Male,64,3,5,Research Director,3,Divorced,19419,3735,2,Y,No,17,3,2,80,1,21,2,4,18,16,0,11,5
50,No,Travel_Rarely,939,Research & Development,24,3,Life Sciences,1,1005,4,Male,95,3,4,Manufacturing Director,3,Married,13973,4161,3,Y,Yes,18,3,4,80,1,22,2,3,12,11,1,5,5
46,No,Travel_Rarely,566,Research & Development,7,2,Medical,1,1007,4,Male,75,3,3,Manufacturing Director,3,Divorced,10845,24208,6,Y,No,13,3,2,80,1,13,3,3,8,7,0,7,5
54,No,Travel_Rarely,1441,Research & Development,17,3,Technical Degree,1,1013,3,Female,56,3,3,Manufacturing Director,3,Married,10739,13943,8,Y,No,11,3,3,80,1,22,2,3,10,7,0,8,5
35,No,Travel_Rarely,583,Research & Development,25,4,Medical,1,1014,3,Female,57,3,3,Healthcare Representative,3,Divorced,10388,6975,1,Y,Yes,11,3,3,80,1,16,3,2,16,10,10,1,5
30,No,Travel_Rarely,153,Research & Development,8,2,Life Sciences,1,1015,2,Female,73,4,3,Research Director,1,Married,11416,17802,0,Y,Yes,12,3,3,80,3,9,4,2,8,7,1,7,3
48,No,Travel_Rarely,1355,Research & Development,4,4,Life Sciences,1,1024,3,Male,78,2,3,Healthcare Representative,3,Single,10999,22245,7,Y,No,14,3,2,80,0,27,3,3,15,11,4,8,5
39,No,Travel_Rarely,466,Research & Development,1,1,Life Sciences,1,1026,4,Female,65,2,4,Manufacturing Director,4,Married,12742,7060,1,Y,No,16,3,3,80,1,21,3,3,21,6,11,8,6
42,No,Travel_Rarely,265,Sales,5,2,Marketing,1,1029,4,Male,90,3,5,Manager,3,Married,18303,7770,6,Y,No,13,3,2,80,0,21,3,4,1,0,0,0,5
59,No,Travel_Rarely,715,Research & Development,2,3,Life Sciences,1,1032,3,Female,69,2,4,Manufacturing Director,4,Single,13726,21829,3,Y,Yes,13,3,1,80,0,30,4,3,5,3,4,3,6
41,No,Non-Travel,247,Research & Development,7,1,Life Sciences,1,1035,2,Female,55,1,5,Research Director,3,Divorced,19973,20284,1,Y,No,22,4,2,80,2,21,3,3,21,16,5,10,5
52,Yes,Travel_Rarely,266,Sales,2,1,Marketing,1,1038,1,Female,57,1,5,Manager,4,Married,19845,25846,1,Y,No,15,3,4,80,1,33,3,3,32,14,6,9,6
44,No,Travel_Rarely,1448,Sales,28,3,Medical,1,1039,4,Female,53,4,4,Sales Executive,4,Married,13320,11737,3,Y,Yes,18,3,3,80,1,23,2,3,12,11,11,11,6
39,No,Travel_Frequently,945,Research & Development,22,3,Medical,1,1043,4,Female,82,3,3,Manufacturing Director,1,Single,10880,5083,1,Y,Yes,13,3,3,80,0,21,2,3,21,6,2,8,3
45,No,Travel_Rarely,1234,Sales,11,2,Life Sciences,1,1045,4,Female,90,3,4,Manager,4,Married,17650,5404,3,Y,No,13,3,2,80,1,26,4,4,9,3,1,1,6
34,No,Travel_Rarely,216,Sales,1,4,Marketing,1,1047,2,Male,75,4,2,Sales Executive,4,Divorced,9725,12278,0,Y,No,11,3,4,80,1,16,2,2,15,1,0,9,6
59,No,Travel_Rarely,1089,Sales,1,2,Technical Degree,1,1048,2,Male,66,3,3,Manager,4,Married,11904,11038,3,Y,Yes,14,3,3,80,1,14,1,1,6,4,0,4,6
50,No,Travel_Rarely,1464,Research & Development,2,4,Medical,1,1061,2,Male,62,3,5,Research Director,3,Married,19237,12853,2,Y,Yes,11,3,4,80,1,29,2,2,8,1,7,7,5
40,No,Travel_Rarely,300,Sales,26,3,Marketing,1,1066,3,Male,74,3,2,Sales Executive,1,Married,8396,22217,1,Y,No,14,3,2,80,1,8,3,2,7,7,7,5,3
46,No,Travel_Rarely,430,Research & Development,1,4,Medical,1,1069,4,Male,40,3,5,Research Director,4,Divorced,19627,21445,9,Y,No,17,3,4,80,2,23,0,3,2,2,2,2,6
54,No,Travel_Rarely,1082,Sales,2,4,Life Sciences,1,1070,3,Female,41,2,3,Sales Executive,3,Married,10686,8392,6,Y,No,11,3,2,80,1,13,4,3,9,4,7,0,5
36,No,Travel_Rarely,796,Research & Development,12,5,Medical,1,1073,4,Female,51,2,3,Manufacturing Director,4,Single,8858,15669,0,Y,No,11,3,2,80,0,15,2,2,14,8,7,8,6
55,No,Non-Travel,444,Research & Development,2,1,Medical,1,1074,3,Male,40,2,4,Manager,1,Single,16756,17323,7,Y,No,15,3,2,80,0,31,3,4,9,7,6,2,3
43,No,Travel_Rarely,415,Sales,25,3,Medical,1,1076,3,Male,79,2,3,Sales Executive,4,Divorced,10798,5268,5,Y,No,13,3,3,80,1,18,5,3,1,0,0,0,6
28,Yes,Non-Travel,1366,Research & Development,24,2,Technical Degree,1,1082,2,Male,72,2,3,Healthcare Representative,1,Single,8722,12355,1,Y,No,12,3,1,80,0,10,2,2,10,7,1,9,3
30,No,Travel_Rarely,1176,Research & Development,20,3,Other,1,1084,3,Male,85,3,2,Manufacturing Director,1,Married,9957,9096,0,Y,No,15,3,3,80,1,7,1,2,6,2,0,2,3
38,No,Travel_Rarely,330,Research & Development,17,1,Life Sciences,1,1088,3,Female,65,2,3,Healthcare Representative,3,Married,8823,24608,0,Y,No,18,3,1,80,1,20,4,2,19,9,1,9,5
40,No,Travel_Rarely,1492,Research & Development,20,4,Technical Degree,1,1092,1,Male,61,3,3,Healthcare Representative,4,Married,10322,26542,4,Y,No,20,4,4,80,1,14,6,3,11,10,11,1,6
55,No,Travel_Frequently,1091,Research & Development,2,1,Life Sciences,1,1096,4,Male,65,3,3,Manufacturing Director,2,Married,10976,15813,3,Y,No,18,3,2,80,1,23,4,3,3,2,1,2,4
44,Yes,Travel_Rarely,1376,Human Resources,1,2,Medical,1,1098,2,Male,91,2,3,Human Resources,1,Married,10482,2326,9,Y,No,14,3,4,80,1,24,1,3,20,6,3,6,3
35,Yes,Travel_Rarely,1204,Sales,4,3,Technical Degree,1,1100,4,Male,86,3,3,Sales Executive,1,Single,9582,10333,0,Y,Yes,22,4,1,80,0,9,2,3,8,7,4,7,3
42,No,Travel_Rarely,469,Research & Development,2,2,Medical,1,1109,4,Male,35,3,4,Manager,1,Married,17665,14399,0,Y,No,17,3,4,80,1,23,3,3,22,6,13,7,3
48,No,Non-Travel,1262,Research & Development,1,4,Medical,1,1116,1,Male,35,4,4,Manager,4,Single,16885,16154,2,Y,No,22,4,3,80,0,27,3,2,5,4,2,1,6
52,No,Travel_Rarely,994,Research & Development,7,4,Life Sciences,1,1118,2,Male,87,3,3,Healthcare Representative,2,Single,10445,15322,7,Y,No,19,3,4,80,0,18,4,3,8,6,4,0,4
38,No,Travel_Rarely,770,Sales,10,4,Marketing,1,1119,3,Male,73,2,3,Sales Executive,3,Divorced,8740,5569,0,Y,Yes,14,3,2,80,2,9,2,3,8,7,2,7,5
46,No,Travel_Rarely,406,Sales,3,1,Marketing,1,1124,1,Male,52,3,4,Manager,3,Married,17465,15596,3,Y,No,12,3,4,80,1,23,3,3,12,9,4,9,5
43,No,Travel_Frequently,1082,Research & Development,27,3,Life Sciences,1,1126,3,Female,83,3,3,Manufacturing Director,1,Married,10820,11535,8,Y,No,11,3,3,80,1,18,1,3,8,7,0,1,3
39,Yes,Travel_Frequently,203,Research & Development,2,3,Life Sciences,1,1127,1,Male,84,3,4,Healthcare Representative,4,Divorced,12169,13547,7,Y,No,11,3,4,80,3,21,4,3,18,7,11,5,6
40,No,Travel_Rarely,1308,Research & Development,14,3,Medical,1,1128,3,Male,44,2,5,Research Director,3,Single,19626,17544,1,Y,No,14,3,1,80,0,21,2,4,20,7,4,9,5
49,No,Travel_Rarely,174,Sales,8,4,Technical Degree,1,1138,4,Male,56,2,4,Sales Executive,2,Married,13120,11879,6,Y,No,17,3,2,80,1,22,3,3,9,8,2,3,4
33,Yes,Travel_Rarely,603,Sales,9,4,Marketing,1,1157,1,Female,77,3,2,Sales Executive,1,Single,8224,18385,0,Y,Yes,17,3,1,80,0,6,3,3,5,2,0,3,3
40,No,Travel_Frequently,593,Research & Development,9,4,Medical,1,1166,2,Female,88,3,3,Research Director,3,Single,13499,13782,9,Y,No,17,3,3,80,0,20,3,2,18,7,2,13,5
42,Yes,Travel_Frequently,481,Sales,12,3,Life Sciences,1,1167,3,Male,44,3,4,Sales Executive,1,Single,13758,2447,0,Y,Yes,12,3,2,80,0,22,2,2,21,9,13,14,3
35,No,Travel_Rarely,819,Research & Development,2,3,Life Sciences,1,1182,3,Male,44,2,3,Manufacturing Director,2,Divorced,10274,19588,2,Y,No,18,3,2,80,1,15,2,4,7,7,6,4,4
56,No,Travel_Rarely,718,Research & Development,4,4,Technical Degree,1,1191,4,Female,92,3,5,Manager,1,Divorced,19943,18575,4,Y,No,13,3,4,80,1,28,2,3,5,2,4,2,3
53,No,Travel_Rarely,1223,Research & Development,7,2,Medical,1,1201,4,Female,50,3,5,Manager,3,Divorced,18606,18640,3,Y,No,18,3,2,80,1,26,6,3,7,7,4,7,5
46,No,Travel_Rarely,1402,Sales,2,3,Marketing,1,1204,3,Female,69,3,4,Manager,1,Married,17048,24097,8,Y,No,23,4,1,80,0,28,2,3,26,15,15,9,3
50,No,Travel_Frequently,1421,Research & Development,2,3,Medical,1,1215,4,Female,30,3,4,Manager,1,Married,17856,9490,2,Y,No,22,4,3,80,1,32,3,3,2,2,2,2,3
46,No,Travel_Rarely,1450,Research & Development,15,2,Life Sciences,1,1217,4,Male,52,3,5,Research Director,2,Married,19081,10849,5,Y,No,11,3,1,80,1,25,2,3,4,2,0,3,4
35,No,Travel_Rarely,1361,Sales,17,4,Life Sciences,1,1218,3,Male,94,3,2,Sales Executive,1,Married,8966,21026,3,Y,Yes,15,3,4,80,3,15,2,3,7,7,1,7,3
36,No,Travel_Rarely,363,Research & Development,1,3,Technical Degree,1,1237,3,Female,77,1,3,Manufacturing Director,1,Divorced,10252,4235,2,Y,Yes,21,4,3,80,1,17,2,3,7,7,7,7,3
42,No,Travel_Frequently,458,Research & Development,26,5,Medical,1,1242,1,Female,60,3,3,Research Director,1,Married,13191,23281,3,Y,Yes,17,3,3,80,0,20,6,3,1,0,0,0,3
35,No,Non-Travel,1212,Sales,8,2,Marketing,1,1243,3,Female,78,2,3,Sales Executive,4,Married,10377,13755,4,Y,Yes,11,3,2,80,1,16,6,2,13,2,4,12,6
54,No,Travel_Frequently,966,Research & Development,1,4,Life Sciences,1,1245,4,Female,53,3,3,Manufacturing Director,3,Divorced,10502,9659,7,Y,No,17,3,1,80,1,33,2,1,5,4,1,4,5
54,No,Travel_Rarely,685,Research & Development,3,3,Life Sciences,1,1250,4,Male,85,3,4,Research Director,4,Married,17779,23474,3,Y,No,14,3,1,80,0,36,2,3,10,9,0,9,6
43,No,Travel_Rarely,920,Research & Development,3,3,Life Sciences,1,1255,3,Male,96,1,5,Research Director,4,Married,19740,18625,3,Y,No,14,3,2,80,1,25,2,3,8,7,0,7,6
49,No,Travel_Rarely,1098,Research & Development,4,2,Medical,1,1256,1,Male,85,2,5,Manager,3,Married,18711,12124,2,Y,No,13,3,3,80,1,23,2,4,1,0,0,0,5
48,No,Travel_Rarely,715,Research & Development,1,3,Life Sciences,1,1263,4,Male,76,2,5,Research Director,4,Single,18265,8733,6,Y,No,12,3,3,80,0,25,3,4,1,0,0,0,6
29,No,Travel_Rarely,694,Research & Development,1,3,Life Sciences,1,1264,4,Female,87,2,4,Research Director,4,Divorced,16124,3423,3,Y,No,14,3,2,80,2,9,2,2,7,7,1,7,6
44,No,Travel_Rarely,1099,Sales,5,3,Marketing,1,1267,2,Male,88,3,5,Manager,2,Married,18213,8751,7,Y,No,11,3,3,80,1,26,5,3,22,9,3,10,4
33,No,Travel_Rarely,536,Sales,10,5,Marketing,1,1268,4,Male,82,4,3,Sales Executive,3,Divorced,8380,21708,0,Y,Yes,14,3,4,80,2,10,3,3,9,8,0,8,5
45,Yes,Travel_Rarely,1449,Sales,2,3,Marketing,1,1277,1,Female,94,1,5,Manager,2,Single,18824,2493,2,Y,Yes,16,3,1,80,0,26,2,3,24,10,1,11,4
55,No,Non-Travel,177,Research & Development,8,1,Medical,1,1278,4,Male,37,2,4,Healthcare Representative,2,Divorced,13577,25592,1,Y,Yes,15,3,4,80,1,34,3,3,33,9,15,0,4
46,No,Travel_Rarely,168,Sales,4,2,Marketing,1,1280,4,Female,33,2,5,Manager,2,Married,18789,9946,2,Y,No,14,3,3,80,1,26,2,3,11,4,0,8,4
51,No,Travel_Frequently,237,Sales,9,3,Life Sciences,1,1282,4,Male,83,3,5,Manager,2,Divorced,19847,19196,4,Y,Yes,24,4,1,80,1,31,5,2,29,10,11,10,4
59,No,Travel_Rarely,1429,Research & Development,18,4,Medical,1,1283,4,Male,67,3,3,Manufacturing Director,4,Single,10512,20002,6,Y,No,12,3,4,80,0,25,6,2,9,7,5,4,6
44,No,Travel_Rarely,1199,Research & Development,4,2,Life Sciences,1,1288,3,Male,92,4,5,Manager,1,Divorced,19190,17477,1,Y,No,14,3,4,80,2,26,4,2,25,9,14,13,3
43,No,Travel_Rarely,531,Sales,4,4,Marketing,1,1293,4,Female,56,2,3,Sales Executive,4,Single,10231,20364,3,Y,No,14,3,4,80,0,23,3,4,21,7,15,17,6
45,No,Travel_Frequently,364,Research & Development,25,3,Medical,1,1306,2,Female,83,3,5,Manager,2,Single,18061,13035,3,Y,No,22,4,3,80,0,22,4,3,0,0,0,0,4
39,No,Travel_Rarely,412,Research & Development,13,4,Medical,1,1307,3,Female,94,2,4,Manager,2,Divorced,17123,17334,6,Y,Yes,13,3,4,80,2,21,4,3,19,9,15,2,4
50,No,Travel_Rarely,1322,Research & Development,28,3,Life Sciences,1,1317,4,Female,43,3,4,Research Director,1,Married,16880,22422,4,Y,Yes,11,3,2,80,0,25,2,3,3,2,1,2,3
40,Yes,Travel_Rarely,299,Sales,25,4,Marketing,1,1318,4,Male,57,2,3,Sales Executive,2,Single,9094,17235,2,Y,Yes,12,3,3,80,0,9,2,3,5,4,1,0,4
52,Yes,Travel_Rarely,1030,Sales,5,3,Life Sciences,1,1319,2,Male,64,3,3,Sales Executive,2,Single,8446,21534,9,Y,Yes,19,3,3,80,0,10,2,2,8,7,7,7,4
30,No,Travel_Rarely,634,Research & Development,17,4,Medical,1,1321,2,Female,95,3,3,Manager,1,Married,11916,25927,1,Y,Yes,23,4,4,80,2,9,2,3,9,1,0,8,3
31,No,Non-Travel,587,Sales,2,4,Life Sciences,1,1324,4,Female,57,3,3,Sales Executive,3,Divorced,9852,8935,1,Y,Yes,19,3,1,80,1,10,5,2,10,8,9,6,5
42,No,Non-Travel,495,Research & Development,2,1,Life Sciences,1,1334,3,Male,37,3,4,Manager,3,Married,17861,26582,0,Y,Yes,13,3,4,80,0,21,3,2,20,8,2,10,5
55,No,Travel_Rarely,282,Research & Development,2,2,Medical,1,1336,4,Female,58,1,5,Manager,3,Married,19187,6992,4,Y,No,14,3,4,80,1,23,5,3,19,9,9,11,5
56,No,Travel_Rarely,206,Human Resources,8,4,Life Sciences,1,1338,4,Male,99,3,5,Manager,2,Single,19717,4022,6,Y,No,14,3,1,80,0,36,4,3,7,3,7,7,4
34,No,Travel_Rarely,943,Research & Development,9,3,Life Sciences,1,1344,4,Male,86,3,3,Healthcare Representative,4,Divorced,8500,5494,0,Y,No,11,3,4,80,1,10,0,2,9,7,1,6,6
51,No,Travel_Rarely,770,Human Resources,5,3,Life Sciences,1,1352,3,Male,84,3,4,Manager,2,Divorced,14026,17588,1,Y,Yes,11,3,2,80,1,33,2,3,33,9,0,10,4
58,Yes,Travel_Rarely,601,Research & Development,7,4,Medical,1,1360,3,Female,53,2,3,Manufacturing Director,1,Married,10008,12023,7,Y,Yes,14,3,4,80,0,31,0,2,10,9,5,9,3
51,No,Travel_Rarely,1405,Research & Development,11,2,Technical Degree,1,1367,4,Female,82,2,4,Manufacturing Director,2,Single,13142,24439,3,Y,No,16,3,2,80,0,29,1,2,5,2,0,3,4
55,Yes,Travel_Rarely,267,Sales,13,4,Marketing,1,1372,1,Male,85,4,4,Sales Executive,3,Single,13695,9277,6,Y,Yes,17,3,3,80,0,24,2,2,19,7,3,8,5
56,No,Travel_Rarely,1369,Research & Development,23,3,Life Sciences,1,1373,4,Male,68,3,4,Manufacturing Director,2,Married,13402,18235,4,Y,Yes,12,3,1,80,1,33,0,3,19,16,15,9,4
51,No,Travel_Frequently,541,Sales,2,3,Marketing,1,1391,2,Male,52,3,3,Sales Executive,2,Married,10596,15395,2,Y,No,11,3,2,80,0,14,5,3,4,2,3,2,4
33,No,Travel_Frequently,1111,Sales,5,1,Life Sciences,1,1395,2,Male,61,3,2,Sales Executive,4,Married,9998,19293,6,Y,No,13,3,1,80,0,8,2,4,5,4,1,2,6
39,No,Non-Travel,1485,Research & Development,25,2,Life Sciences,1,1397,3,Male,71,3,3,Healthcare Representative,3,Married,10920,3449,3,Y,No,21,4,2,80,1,13,2,3,6,4,0,5,5
52,No,Travel_Frequently,322,Research & Development,28,2,Medical,1,1401,4,Female,59,4,4,Manufacturing Director,3,Married,13247,9731,2,Y,Yes,11,3,2,80,1,24,3,2,5,3,0,2,5
42,No,Travel_Rarely,1147,Human Resources,10,3,Human Resources,1,1408,3,Female,31,3,4,Manager,1,Married,16799,16616,0,Y,No,14,3,3,80,1,21,5,3,20,7,0,9,3
35,No,Travel_Frequently,200,Research & Development,18,2,Life Sciences,1,1412,3,Male,60,3,3,Manufacturing Director,4,Single,9362,19944,2,Y,No,11,3,3,80,0,10,2,3,2,2,2,2,6
54,No,Travel_Rarely,971,Research & Development,1,3,Medical,1,1422,4,Female,54,3,4,Research Director,4,Single,17328,5652,6,Y,No,19,3,4,80,0,29,3,2,20,7,12,7,6
58,No,Travel_Rarely,1055,Research & Development,1,3,Medical,1,1423,4,Female,76,3,5,Research Director,1,Married,19701,22456,3,Y,Yes,21,4,3,80,1,32,3,3,9,8,1,5,3
55,No,Travel_Rarely,1136,Research & Development,1,4,Medical,1,1424,2,Male,81,4,4,Research Director,4,Divorced,14732,12414,2,Y,No,13,3,4,80,2,31,4,4,7,7,0,0,6
36,No,Travel_Rarely,1174,Sales,3,4,Marketing,1,1425,1,Female,99,3,2,Sales Executive,2,Single,9278,20763,3,Y,Yes,16,3,4,80,0,15,3,3,5,4,0,1,4
31,No,Travel_Rarely,182,Research & Development,8,5,Life Sciences,1,1430,1,Female,93,3,4,Research Director,2,Single,16422,8847,3,Y,No,11,3,3,80,0,9,3,4,3,2,1,0,4
47,No,Travel_Rarely,359,Research & Development,2,4,Medical,1,1443,1,Female,82,3,4,Research Director,3,Married,17169,26703,3,Y,No,19,3,2,80,2,26,2,4,20,17,5,6,5
32,No,Travel_Rarely,601,Sales,7,5,Marketing,1,1446,4,Male,97,3,2,Sales Executive,4,Married,9204,23343,4,Y,No,12,3,3,80,1,7,3,2,4,3,0,3,6
31,No,Travel_Rarely,326,Sales,8,2,Life Sciences,1,1453,1,Male,31,3,3,Sales Executive,4,Divorced,10793,8386,1,Y,No,18,3,1,80,1,13,5,3,13,7,9,9,6
46,Yes,Travel_Rarely,377,Sales,9,3,Marketing,1,1457,1,Male,52,3,3,Sales Executive,4,Divorced,10096,15986,4,Y,No,11,3,1,80,1,28,1,4,7,7,4,3,6
45,No,Travel_Rarely,1038,Research & Development,20,3,Medical,1,1460,2,Male,95,1,3,Healthcare Representative,1,Divorced,10851,19863,2,Y,Yes,18,3,2,80,1,24,2,3,7,7,0,7,3
45,No,Travel_Rarely,1448,Research & Development,29,3,Technical Degree,1,1465,2,Male,55,3,3,Manufacturing Director,4,Married,9380,14720,4,Y,Yes,18,3,4,80,2,10,4,4,3,1,1,2,6
40,No,Non-Travel,218,Research & Development,8,1,Medical,1,1468,4,Male,55,2,3,Research Director,2,Divorced,13757,25178,2,Y,No,11,3,3,80,1,16,5,3,9,8,4,8,4
28,No,Travel_Rarely,866,Sales,5,3,Medical,1,1469,4,Male,84,3,2,Sales Executive,1,Single,8463,23490,0,Y,No,18,3,4,80,0,6,4,3,5,4,1,3,3
53,No,Travel_Rarely,447,Research & Development,2,3,Medical,1,1472,4,Male,39,4,4,Research Director,2,Single,16598,19764,4,Y,No,12,3,2,80,0,35,2,2,9,8,8,8,4
49,No,Travel_Rarely,1490,Research & Development,7,4,Life Sciences,1,1484,3,Male,35,3,3,Healthcare Representative,2,Divorced,10466,20948,3,Y,No,14,3,2,80,2,29,3,3,8,7,0,7,4
34,No,Travel_Frequently,829,Research & Development,15,3,Medical,1,1485,2,Male,71,3,4,Research Director,1,Divorced,17007,11929,7,Y,No,14,3,4,80,2,16,3,2,14,8,6,9,3
44,No,Travel_Frequently,1193,Research & Development,2,1,Medical,1,1496,2,Male,86,3,3,Manufacturing Director,3,Single,10209,19719,5,Y,Yes,18,3,2,80,0,16,2,2,2,2,2,2,5
29,No,Travel_Rarely,1246,Sales,19,3,Life Sciences,1,1497,3,Male,77,2,2,Sales Executive,3,Divorced,8620,23757,1,Y,No,14,3,3,80,2,10,3,3,10,7,0,4,5
32,No,Travel_Rarely,495,Research & Development,10,3,Medical,1,1516,3,Male,64,3,3,Manager,4,Single,11244,21072,2,Y,No,25,4,2,80,0,10,5,4,5,2,0,0,6
54,No,Travel_Frequently,1050,Research & Development,11,4,Medical,1,1520,2,Female,87,3,4,Manager,4,Divorced,16032,24456,3,Y,No,20,4,1,80,1,26,2,3,14,9,1,12,6
44,No,Travel_Rarely,136,Research & Development,28,3,Life Sciences,1,1523,4,Male,32,3,4,Research Director,1,Married,16328,22074,3,Y,No,13,3,3,80,1,24,1,4,20,6,14,17,3
39,No,Travel_Rarely,1089,Research & Development,6,3,Life Sciences,1,1525,2,Female,32,3,3,Manufacturing Director,2,Single,8376,9150,4,Y,No,18,3,4,80,0,9,3,3,2,0,2,2,4
46,No,Travel_Rarely,228,Sales,3,3,Life Sciences,1,1527,3,Female,51,3,4,Manager,2,Married,16606,11380,8,Y,No,12,3,4,80,1,23,2,4,13,12,5,1,4
35,No,Travel_Rarely,1029,Research & Development,16,3,Life Sciences,1,1529,4,Female,91,2,3,Healthcare Representative,2,Single,8606,21195,1,Y,No,19,3,4,80,0,11,3,1,11,8,3,3,4
50,No,Travel_Frequently,333,Research & Development,22,5,Medical,1,1539,3,Male,88,1,4,Research Director,4,Single,14411,24450,1,Y,Yes,13,3,4,80,0,32,2,3,32,6,13,9,6
29,No,Travel_Rarely,441,Research & Development,8,1,Other,1,1544,3,Female,39,1,2,Healthcare Representative,1,Married,9715,7288,3,Y,No,13,3,3,80,1,9,3,3,7,7,0,7,3
42,No,Travel_Frequently,288,Research & Development,2,3,Life Sciences,1,1547,4,Male,40,3,3,Healthcare Representative,4,Married,10124,18611,2,Y,Yes,14,3,3,80,1,24,3,1,20,8,13,9,6
40,No,Travel_Rarely,898,Human Resources,6,2,Medical,1,1550,3,Male,38,3,4,Manager,4,Single,16437,17381,1,Y,Yes,21,4,4,80,0,21,2,3,21,7,7,7,6
30,Yes,Travel_Rarely,740,Sales,1,3,Life Sciences,1,1562,2,Male,64,2,2,Sales Executive,1,Married,9714,5323,1,Y,No,11,3,4,80,1,10,4,3,10,8,6,7,3
30,No,Travel_Rarely,1288,Sales,29,4,Technical Degree,1,1568,3,Male,33,3,3,Sales Executive,2,Married,9250,17799,3,Y,No,12,3,2,80,1,9,3,3,4,2,1,3,4
53,Yes,Travel_Rarely,607,Research & Development,2,5,Technical Degree,1,1572,3,Female,78,2,3,Manufacturing Director,4,Married,10169,14618,0,Y,No,16,3,2,80,1,34,4,3,33,7,1,9,6
55,No,Travel_Rarely,685,Sales,26,5,Marketing,1,1578,3,Male,60,2,5,Manager,4,Married,19586,23037,1,Y,No,21,4,3,80,1,36,3,3,36,6,2,13,6
38,No,Travel_Rarely,1245,Sales,14,3,Life Sciences,1,1582,3,Male,80,3,2,Sales Executive,2,Married,9924,12355,0,Y,No,11,3,4,80,1,10,3,3,9,8,7,7,4
39,No,Travel_Rarely,1462,Sales,6,3,Medical,1,1588,4,Male,38,4,3,Sales Executive,3,Married,8237,4658,2,Y,No,11,3,1,80,1,11,3,3,7,6,7,6,5
29,No,Travel_Frequently,995,Research & Development,2,1,Life Sciences,1,1590,1,Male,87,3,2,Healthcare Representative,4,Divorced,8853,24483,1,Y,No,19,3,4,80,1,6,0,4,6,4,1,3,6
50,No,Travel_Rarely,264,Sales,9,3,Marketing,1,1591,3,Male,59,3,5,Manager,3,Married,19331,19519,4,Y,Yes,16,3,3,80,1,27,2,3,1,0,0,0,5
42,No,Travel_Rarely,1059,Research & Development,9,2,Other,1,1595,4,Male,93,2,5,Manager,4,Single,19613,26362,8,Y,No,22,4,4,80,0,24,2,3,1,0,0,1,6
46,No,Travel_Rarely,563,Sales,1,4,Life Sciences,1,1602,4,Male,56,4,4,Manager,1,Single,17567,3156,1,Y,No,15,3,2,80,0,27,5,1,26,0,0,12,3
50,No,Travel_Frequently,1234,Research & Development,20,5,Medical,1,1606,2,Male,41,3,4,Healthcare Representative,3,Married,11245,20689,2,Y,Yes,15,3,3,80,1,32,3,3,30,8,12,13,5
44,No,Travel_Rarely,1313,Research & Development,7,3,Medical,1,1608,2,Female,31,3,5,Research Director,4,Divorced,19049,3549,0,Y,Yes,14,3,4,80,1,23,4,2,22,7,1,10,6
47,No,Travel_Rarely,1176,Human Resources,26,4,Life Sciences,1,1625,4,Female,98,3,5,Manager,3,Married,19658,5220,3,Y,No,11,3,3,80,1,27,2,3,5,2,1,0,5
40,No,Travel_Rarely,884,Research & Development,15,3,Life Sciences,1,1628,1,Female,80,2,3,Manufacturing Director,3,Married,10435,25800,1,Y,No,13,3,4,80,2,18,2,3,18,15,14,12,5
35,Yes,Travel_Rarely,737,Sales,10,3,Medical,1,1639,4,Male,55,2,3,Sales Executive,1,Married,10306,21530,9,Y,No,17,3,3,80,0,15,3,3,13,12,6,0,3
48,No,Travel_Frequently,365,Research & Development,4,5,Medical,1,1644,3,Male,89,2,4,Manager,4,Married,15202,5602,2,Y,No,25,4,2,80,1,23,3,3,2,2,2,2,6
36,No,Travel_Rarely,711,Research & Development,5,4,Life Sciences,1,1651,2,Female,42,3,3,Healthcare Representative,1,Married,8008,22792,4,Y,No,12,3,3,80,2,9,6,3,3,2,0,2,3
49,No,Travel_Rarely,301,Research & Development,22,4,Other,1,1655,1,Female,72,3,4,Research Director,2,Married,16413,3498,3,Y,No,16,3,2,80,2,27,2,3,4,2,1,2,4
50,No,Travel_Rarely,813,Research & Development,17,5,Life Sciences,1,1656,4,Female,50,2,3,Research Director,1,Divorced,13269,21981,5,Y,No,15,3,3,80,3,19,3,3,14,11,1,11,3
49,No,Travel_Rarely,465,Research & Development,6,1,Life Sciences,1,1661,3,Female,41,2,4,Healthcare Representative,3,Married,13966,11652,2,Y,Yes,19,3,2,80,1,30,3,3,15,11,2,12,5
54,No,Travel_Rarely,584,Research & Development,22,5,Medical,1,1665,2,Female,91,3,4,Manager,3,Married,17426,18685,3,Y,No,25,4,3,80,1,36,6,3,10,8,4,7,5
43,No,Travel_Rarely,1291,Research & Development,15,2,Life Sciences,1,1666,3,Male,65,2,4,Research Director,3,Married,17603,3525,1,Y,No,24,4,1,80,1,14,3,3,14,10,6,11,5
47,No,Travel_Rarely,1225,Sales,2,4,Life Sciences,1,1676,2,Female,47,4,4,Manager,2,Divorced,15972,21086,6,Y,No,14,3,3,80,3,29,2,3,3,2,1,2,4
49,No,Travel_Rarely,809,Research & Development,1,3,Life Sciences,1,1677,3,Male,36,3,4,Manager,3,Single,15379,22384,4,Y,No,14,3,1,80,0,23,2,3,8,7,0,0,5
60,No,Travel_Rarely,370,Research & Development,1,4,Medical,1,1697,3,Male,92,1,3,Healthcare Representative,4,Divorced,10883,20467,3,Y,No,20,4,3,80,1,19,2,4,1,0,0,0,6
37,No,Travel_Frequently,1278,Sales,1,4,Medical,1,1700,3,Male,31,1,2,Sales Executive,4,Divorced,9525,7677,1,Y,No,14,3,3,80,2,6,2,2,6,3,1,3,6
41,No,Travel_Rarely,918,Sales,6,3,Marketing,1,1708,4,Male,35,3,3,Sales Executive,3,Single,9241,15869,1,Y,No,12,3,2,80,0,10,3,3,10,8,8,7,5
45,No,Non-Travel,1238,Research & Development,1,1,Life Sciences,1,1712,3,Male,74,2,3,Healthcare Representative,3,Married,10748,3395,3,Y,No,23,4,4,80,1,25,3,2,23,15,14,4,5
47,Yes,Travel_Frequently,1093,Sales,9,3,Life Sciences,1,1716,3,Male,82,1,4,Sales Executive,3,Married,12936,24164,7,Y,No,11,3,3,80,0,25,3,1,23,5,14,10,5
45,No,Travel_Rarely,1005,Research & Development,28,2,Technical Degree,1,1719,4,Female,48,2,4,Research Director,2,Single,16704,17119,1,Y,No,11,3,3,80,0,21,2,3,21,6,8,6,4
46,No,Travel_Rarely,1277,Sales,2,3,Life Sciences,1,1732,3,Male,74,3,3,Sales Executive,4,Divorced,10368,5596,4,Y,Yes,12,3,2,80,1,13,5,2,10,6,0,3,6
32,No,Travel_Rarely,371,Sales,19,3,Life Sciences,1,1739,4,Male,80,1,3,Sales Executive,3,Married,9610,3840,3,Y,No,13,3,3,80,1,10,2,1,4,3,0,2,5
40,No,Travel_Rarely,611,Sales,7,4,Medical,1,1740,2,Male,88,3,5,Manager,2,Single,19833,4349,1,Y,No,14,3,2,80,0,21,3,2,21,8,12,8,4
45,No,Travel_Rarely,176,Human Resources,4,3,Life Sciences,1,1744,3,Female,56,1,3,Human Resources,3,Married,9756,6595,4,Y,No,21,4,3,80,2,9,2,4,5,0,0,3,5
31,No,Travel_Rarely,1003,Sales,5,3,Technical Degree,1,1749,1,Male,51,3,2,Sales Executive,3,Married,8346,20943,1,Y,No,19,3,3,80,1,6,3,3,5,2,0,2,5
33,Yes,Travel_Rarely,211,Sales,16,3,Life Sciences,1,1758,1,Female,74,3,3,Sales Executive,1,Single,8564,10092,2,Y,Yes,20,4,3,80,0,11,2,2,0,0,0,0,3
31,Yes,Travel_Rarely,1079,Sales,16,4,Marketing,1,1761,1,Male,70,3,3,Sales Executive,3,Married,8161,19002,2,Y,No,13,3,1,80,3,10,2,3,1,0,0,0,5
55,No,Travel_Rarely,478,Research & Development,2,3,Medical,1,1770,3,Male,60,2,5,Research Director,1,Married,19038,19805,8,Y,No,12,3,2,80,3,34,2,3,1,0,0,0,3
53,No,Non-Travel,661,Research & Development,1,4,Medical,1,1775,1,Female,60,2,4,Manufacturing Director,3,Married,12965,22308,4,Y,Yes,20,4,4,80,3,27,2,2,3,2,0,2,5
51,No,Travel_Rarely,942,Research & Development,3,3,Technical Degree,1,1786,1,Female,53,3,3,Manager,3,Married,13116,22984,2,Y,No,11,3,4,80,0,15,2,3,2,2,2,2,5
46,No,Travel_Rarely,734,Research & Development,2,4,Medical,1,1789,3,Male,46,3,5,Research Director,4,Divorced,19328,14218,7,Y,Yes,17,3,3,80,1,24,3,3,2,1,2,2,6
36,No,Travel_Rarely,1383,Research & Development,10,3,Life Sciences,1,1790,4,Male,90,3,3,Healthcare Representative,1,Married,8321,25949,7,Y,Yes,13,3,4,80,1,15,1,3,12,8,5,7,3
39,No,Travel_Rarely,1253,Research & Development,10,1,Medical,1,1800,3,Male,65,3,3,Research Director,3,Single,13464,7914,7,Y,No,21,4,3,80,0,9,3,3,4,3,2,2,5
41,No,Travel_Rarely,796,Sales,4,1,Marketing,1,1815,3,Female,81,3,3,Sales Executive,3,Divorced,10447,26458,0,Y,Yes,13,3,4,80,1,23,3,4,22,14,13,5,5
30,No,Travel_Rarely,1092,Research & Development,10,3,Medical,1,1816,1,Female,64,3,3,Manufacturing Director,3,Single,9667,2739,9,Y,No,14,3,2,80,0,9,3,3,7,7,0,2,5
46,Yes,Travel_Rarely,261,Research & Development,21,2,Medical,1,1821,4,Female,66,3,2,Healthcare Representative,2,Married,8926,10842,4,Y,No,22,4,4,80,1,13,2,4,9,7,3,7,4
58,No,Non-Travel,350,Sales,2,3,Medical,1,1824,2,Male,52,3,4,Manager,2,Divorced,16291,22577,4,Y,No,22,4,4,80,1,37,0,2,16,9,14,14,4
47,No,Travel_Rarely,1001,Research & Development,4,3,Life Sciences,1,1827,3,Female,92,2,3,Manufacturing Director,2,Divorced,10333,19271,8,Y,Yes,12,3,3,80,1,28,4,3,22,11,14,10,4
31,No,Travel_Frequently,1125,Sales,7,4,Marketing,1,1833,1,Female,68,3,3,Sales Executive,1,Married,9637,8277,2,Y,No,14,3,4,80,2,9,3,3,3,2,2,2,3
58,No,Travel_Frequently,1216,Research & Development,15,4,Life Sciences,1,1837,1,Male,87,3,4,Research Director,3,Married,15787,21624,2,Y,Yes,14,3,2,80,0,23,3,3,2,2,2,2,5
46,No,Travel_Rarely,706,Research & Development,2,2,Life Sciences,1,1857,4,Male,82,3,3,Manufacturing Director,4,Divorced,8578,19989,3,Y,No,14,3,3,80,1,12,4,2,9,8,4,7,6
32,Yes,Travel_Rarely,414,Sales,2,4,Marketing,1,1862,3,Male,82,2,2,Sales Executive,2,Single,9907,26186,7,Y,Yes,12,3,3,80,0,7,3,2,2,2,2,2,4
46,No,Travel_Rarely,1319,Sales,3,3,Technical Degree,1,1863,1,Female,45,4,4,Sales Executive,1,Divorced,13225,7739,2,Y,No,12,3,4,80,1,25,5,3,19,17,2,8,3
43,No,Travel_Rarely,823,Research & Development,6,3,Medical,1,1866,1,Female,81,2,5,Manager,3,Married,19392,22539,7,Y,No,13,3,4,80,0,21,2,3,16,12,6,14,5
48,No,Travel_Rarely,1224,Research & Development,10,3,Life Sciences,1,1867,4,Male,91,2,5,Research Director,2,Married,19665,13583,4,Y,No,12,3,4,80,0,29,3,3,22,10,12,9,4
34,No,Travel_Rarely,1480,Sales,4,3,Life Sciences,1,1882,3,Male,64,3,3,Sales Executive,4,Married,9713,24444,2,Y,Yes,13,3,4,80,3,9,3,3,5,3,1,0,6
40,No,Travel_Rarely,1137,Research & Development,1,4,Life Sciences,1,1892,1,Male,98,3,4,Manager,1,Divorced,16823,18991,2,Y,No,11,3,1,80,1,22,3,3,19,7,11,16,3
48,No,Travel_Frequently,117,Research & Development,22,3,Medical,1,1900,4,Female,58,3,4,Manager,4,Divorced,17174,2437,3,Y,No,11,3,2,80,1,24,3,3,22,17,4,7,6
42,No,Travel_Rarely,1396,Research & Development,6,3,Medical,1,1911,3,Male,83,3,3,Research Director,1,Married,13348,14842,9,Y,No,13,3,2,80,1,18,3,4,13,7,5,7,3
34,No,Travel_Rarely,735,Sales,3,1,Medical,1,1915,4,Female,75,2,2,Sales Executive,4,Married,8103,16495,3,Y,Yes,12,3,3,80,0,9,3,2,4,2,0,1,6
28,Yes,Travel_Rarely,1475,Sales,13,2,Marketing,1,1933,4,Female,84,3,2,Sales Executive,3,Single,9854,23352,3,Y,Yes,11,3,4,80,0,6,0,3,2,0,2,2,5
58,No,Travel_Rarely,605,Sales,21,3,Life Sciences,1,1938,4,Female,72,3,4,Manager,4,Married,17875,11761,4,Y,Yes,13,3,3,80,1,29,2,2,1,0,0,0,6
49,No,Travel_Frequently,1064,Research & Development,2,1,Life Sciences,1,1941,2,Male,42,3,5,Research Director,4,Married,19161,13738,3,Y,No,15,3,4,80,0,28,3,3,5,4,4,3,6
34,No,Travel_Rarely,937,Sales,1,3,Marketing,1,1950,1,Male,32,3,3,Sales Executive,4,Single,9888,6770,1,Y,No,21,4,1,80,0,14,3,2,14,8,2,1,6
34,No,Travel_Rarely,1239,Sales,13,4,Medical,1,1951,4,Male,39,3,3,Sales Executive,3,Divorced,8628,22914,1,Y,No,18,3,3,80,1,9,2,2,8,7,1,1,5
32,No,Travel_Rarely,1373,Research & Development,5,4,Life Sciences,1,1966,4,Male,56,2,2,Manufacturing Director,4,Single,9679,10138,8,Y,No,24,4,2,80,0,8,1,3,1,0,0,0,6
53,Yes,Travel_Rarely,1168,Sales,24,4,Life Sciences,1,1968,1,Male,66,3,3,Sales Executive,1,Single,10448,5843,6,Y,Yes,13,3,2,80,0,15,2,2,2,2,2,2,3
55,No,Travel_Rarely,189,Human Resources,26,4,Human Resources,1,1973,3,Male,71,4,5,Manager,2,Married,19636,25811,4,Y,Yes,18,3,1,80,1,35,0,3,10,9,1,4,4
39,No,Travel_Rarely,119,Sales,15,4,Marketing,1,1975,2,Male,77,3,4,Sales Executive,1,Single,13341,25098,0,Y,No,12,3,1,80,0,21,3,3,20,8,11,10,3
31,No,Non-Travel,697,Research & Development,10,3,Medical,1,1979,3,Female,40,3,3,Research Director,3,Married,11031,26862,4,Y,No,20,4,3,80,1,13,2,4,11,7,4,8,5
47,No,Travel_Rarely,1180,Research & Development,25,3,Medical,1,1993,1,Male,84,3,3,Healthcare Representative,3,Single,8633,13084,2,Y,No,23,4,2,80,0,25,3,3,17,14,12,11,5
47,No,Non-Travel,1162,Research & Development,1,1,Medical,1,2000,3,Female,98,3,3,Research Director,2,Married,11957,17231,0,Y,No,18,3,1,80,2,14,3,1,13,8,5,12,4
38,No,Travel_Rarely,201,Research & Development,10,3,Medical,1,2015,2,Female,99,1,3,Research Director,3,Married,13206,3376,3,Y,No,12,3,1,80,1,20,3,3,18,16,1,11,5
32,No,Travel_Rarely,801,Sales,1,4,Marketing,1,2016,3,Female,48,3,3,Sales Executive,4,Married,10422,24032,1,Y,No,19,3,3,80,2,14,3,3,14,10,5,7,6
37,No,Travel_Rarely,161,Research & Development,10,3,Life Sciences,1,2017,3,Female,42,4,3,Research Director,4,Married,13744,15471,1,Y,Yes,25,4,1,80,1,16,2,3,16,11,6,8,6
39,No,Non-Travel,105,Research & Development,9,3,Life Sciences,1,2022,4,Male,87,3,5,Manager,4,Single,19431,15302,2,Y,No,13,3,3,80,0,21,3,2,6,0,1,3,6
42,No,Travel_Rarely,300,Research & Development,2,3,Life Sciences,1,2031,1,Male,56,3,5,Manager,3,Married,18880,17312,5,Y,No,11,3,1,80,0,24,2,2,22,6,4,14,5
41,No,Travel_Rarely,582,Research & Development,28,4,Life Sciences,1,2034,1,Female,60,2,4,Manufacturing Director,2,Married,13570,5640,0,Y,No,23,4,3,80,1,21,3,3,20,7,0,10,4
41,No,Travel_Rarely,930,Sales,3,3,Life Sciences,1,2037,3,Male,57,2,2,Sales Executive,2,Divorced,8938,12227,2,Y,No,11,3,3,80,1,14,5,3,5,4,0,4,4
35,No,Travel_Rarely,1146,Human Resources,26,4,Life Sciences,1,2040,3,Female,31,3,3,Human Resources,4,Single,8837,16642,1,Y,Yes,16,3,3,80,0,9,2,3,9,0,1,7,6
50,Yes,Travel_Rarely,410,Sales,28,3,Marketing,1,2055,4,Male,39,2,3,Sales Executive,1,Divorced,10854,16586,4,Y,Yes,13,3,2,80,1,20,3,3,3,2,2,0,3
39,No,Travel_Rarely,722,Sales,24,1,Marketing,1,2056,2,Female,60,2,4,Sales Executive,4,Married,12031,8828,0,Y,No,11,3,1,80,1,21,2,2,20,9,9,6,6
31,No,Non-Travel,325,Research & Development,5,3,Medical,1,2057,2,Male,74,3,2,Manufacturing Director,1,Single,9936,3787,0,Y,No,19,3,2,80,0,10,2,3,9,4,1,7,3
39,No,Travel_Rarely,613,Research & Development,6,1,Medical,1,2062,4,Male,42,2,3,Healthcare Representative,1,Married,9991,21457,4,Y,No,15,3,1,80,1,9,5,3,7,7,1,7,3
